Date,Time,Temperature,Humidity,PM1,PM2.5,PM10,CO,NOx,Location
2021-02-28,02:32:30pm,nan,nan,40,67,77,3.93,4.32,Faisal_Town
2021-02-28,02:32:46pm,nan,nan,40,67,77,4.59,4.76,Faisal_Town
2021-02-28,02:33:02pm,nan,nan,40,67,77,5.11,5.09,Faisal_Town
2021-02-28,02:33:17pm,nan,nan,40,67,77,4.51,4.71,Faisal_Town
2021-02-28,02:33:55pm,nan,nan,39,67,77,3.93,4.32,Faisal_Town
2021-02-28,02:41:30pm,nan,nan,33,49,60,14.42,9.77,Faisal_Town
2021-02-28,02:51:35pm,nan,nan,33,49,60,10.26,7.89,Faisal_Town
2021-02-28,03:04:47pm,nan,nan,28,43,51,9.82,7.68,Faisal_Town
2021-02-28,03:07:33pm,nan,nan,28,41,47,10.23,7.88,Faisal_Town
2021-02-28,03:17:39pm,nan,nan,28,41,47,12.03,8.72,Faisal_Town
2021-02-28,03:27:44pm,nan,nan,28,41,47,11.33,8.40,Faisal_Town
2021-02-28,03:37:49pm,nan,nan,28,41,47,26.43,14.30,Faisal_Town
2021-02-28,03:47:54pm,nan,nan,28,41,47,25.24,13.89,Faisal_Town
2021-02-28,03:58:00pm,nan,nan,28,41,47,16.82,10.76,Faisal_Town
2021-02-28,04:08:05pm,nan,nan,28,41,47,22.79,13.03,Faisal_Town
2021-02-28,04:18:10pm,nan,nan,28,41,47,14.11,9.64,Faisal_Town
2021-02-28,04:28:15pm,nan,nan,28,41,47,19.98,11.99,Faisal_Town
2021-02-28,04:38:21pm,nan,nan,28,41,47,19.60,11.85,Faisal_Town
2021-02-28,04:48:26pm,nan,nan,28,41,47,19.05,11.64,Faisal_Town
2021-02-28,04:58:31pm,nan,nan,28,41,47,24.32,13.57,Faisal_Town
2021-02-28,05:08:36pm,nan,nan,28,41,47,22.79,13.03,Faisal_Town
2021-02-28,05:18:42pm,nan,nan,28,41,47,28.44,14.97,Faisal_Town
2021-02-28,05:28:47pm,nan,nan,28,41,47,30.59,15.67,Faisal_Town
2021-02-28,05:48:52pm,nan,nan,28,41,47,35.64,17.25,Faisal_Town
2021-02-28,06:18:58pm,nan,nan,29,43,50,50.65,21.52,Faisal_Town
2021-02-28,06:43:47pm,nan,nan,43,67,75,8.13,6.82,Faisal_Town
2021-02-28,06:53:53pm,nan,nan,43,67,75,9.93,7.73,Faisal_Town
2021-02-28,07:03:58pm,nan,nan,43,67,75,12.69,9.02,Faisal_Town
2021-02-28,07:14:03pm,nan,nan,43,67,75,15.80,10.35,Faisal_Town
2021-02-28,07:24:09pm,nan,nan,43,67,75,5.74,5.48,Faisal_Town
2021-02-28,07:34:14pm,nan,nan,43,67,75,6.75,6.07,Faisal_Town
2021-02-28,07:44:19pm,nan,nan,43,67,75,5.83,5.54,Faisal_Town
2021-02-28,07:54:24pm,nan,nan,43,67,75,8.60,7.06,Faisal_Town
2021-02-28,08:04:30pm,nan,nan,43,67,75,6.70,6.04,Faisal_Town
2021-02-28,08:14:35pm,nan,nan,43,67,75,6.87,6.13,Faisal_Town
2021-02-28,08:24:41pm,nan,nan,43,67,75,7.38,6.42,Faisal_Town
2021-02-28,09:57:04pm,nan,nan,105,179,197,4.18,4.49,Faisal_Town
2021-02-28,10:07:09pm,nan,nan,105,179,197,3.57,4.07,Faisal_Town
2021-02-28,11:38:21pm,nan,nan,91,159,166,19.93,11.98,Faisal_Town
2021-03-01,12:12:52am,nan,nan,106,177,184,21.11,12.42,Faisal_Town
2021-03-01,12:22:57am,nan,nan,106,177,184,8.25,6.88,Faisal_Town
2021-03-01,12:33:02am,nan,nan,106,177,184,8.99,7.27,Faisal_Town
2021-03-01,01:13:08am,nan,nan,106,177,184,6.61,5.99,Faisal_Town
2021-03-01,01:43:14am,nan,nan,106,177,184,6.88,6.14,Faisal_Town
2021-03-01,02:33:20am,nan,nan,106,177,184,5.64,5.42,Faisal_Town
2021-03-01,02:43:25am,nan,nan,106,177,184,5.46,5.31,Faisal_Town
2021-03-01,02:53:31am,nan,nan,106,177,184,5.21,5.15,Faisal_Town
2021-03-01,03:03:36am,nan,nan,106,180,186,6.51,5.93,Faisal_Town
2021-03-01,03:23:41am,nan,nan,106,180,186,7.87,6.68,Faisal_Town
2021-03-01,03:33:47am,nan,nan,106,180,186,6.72,6.05,Faisal_Town
2021-03-01,03:43:52am,nan,nan,106,180,186,7.16,6.29,Faisal_Town
2021-03-01,03:53:57am,nan,nan,106,180,186,9.80,7.67,Faisal_Town
2021-03-01,04:04:02am,nan,nan,106,180,186,7.22,6.33,Faisal_Town
2021-03-01,04:14:08am,nan,nan,106,180,186,5.87,5.56,Faisal_Town
2021-03-01,04:24:13am,nan,nan,106,180,186,4.96,5.00,Faisal_Town
2021-03-01,04:34:26am,nan,nan,154,281,309,3.92,4.31,Faisal_Town
2021-03-01,04:44:32am,nan,nan,154,281,309,4.05,4.40,Faisal_Town
2021-03-01,04:54:37am,nan,nan,154,281,309,3.70,4.16,Faisal_Town
2021-03-01,05:04:42am,nan,nan,154,281,309,3.62,4.10,Faisal_Town
2021-03-01,05:14:47am,nan,nan,154,281,309,2.75,3.45,Faisal_Town
2021-03-01,05:24:53am,nan,nan,154,281,309,2.93,3.59,Faisal_Town
2021-03-01,05:34:58am,nan,nan,154,281,309,2.75,3.45,Faisal_Town
2021-03-01,05:45:03am,nan,nan,154,281,309,3.59,4.08,Faisal_Town
2021-03-01,05:55:08am,nan,nan,154,281,309,2.88,3.56,Faisal_Town
2021-03-01,06:05:14am,nan,nan,154,281,309,3.10,3.72,Faisal_Town
2021-03-01,06:15:19am,nan,nan,154,281,309,3.08,3.70,Faisal_Town
2021-03-01,06:25:24am,nan,nan,154,281,309,3.34,3.90,Faisal_Town
2021-03-01,06:35:29am,nan,nan,154,281,309,2.88,3.56,Faisal_Town
2021-03-01,06:45:35am,nan,nan,154,281,309,2.57,3.31,Faisal_Town
2021-03-01,06:55:40am,nan,nan,154,281,309,2.88,3.56,Faisal_Town
2021-03-01,07:35:46am,nan,nan,154,282,309,4.78,4.89,Faisal_Town
2021-03-01,07:45:51am,nan,nan,154,282,309,9.75,7.64,Faisal_Town
2021-03-01,07:55:56am,nan,nan,154,282,309,12.39,8.89,Faisal_Town
2021-03-01,08:06:02am,nan,nan,154,282,309,5.83,5.53,Faisal_Town
2021-03-01,08:16:07am,nan,nan,154,282,309,2.95,3.61,Faisal_Town
2021-03-01,08:26:12am,nan,nan,154,282,309,3.42,3.96,Faisal_Town
2021-03-01,08:46:18am,nan,nan,154,282,309,2.37,3.14,Faisal_Town
2021-03-01,09:06:24am,nan,nan,1683,60910,257,1.59,2.44,Faisal_Town
2021-03-01,09:46:30am,nan,nan,1683,60910,257,0.84,1.64,Faisal_Town
2021-03-01,11:07:11am,nan,nan,51,86,93,4.72,4.84,Faisal_Town
2021-03-01,11:17:16am,nan,nan,51,86,93,2.92,3.59,Faisal_Town
2021-03-01,11:27:21am,nan,nan,51,86,93,3.03,3.67,Faisal_Town
2021-03-01,11:37:30am,nan,nan,51,86,93,2.74,3.44,Faisal_Town
2021-03-01,11:47:35am,nan,nan,51,86,93,3.42,3.96,Faisal_Town
2021-03-01,11:57:40am,nan,nan,51,86,93,2.64,3.36,Faisal_Town
2021-03-01,12:07:46pm,nan,nan,51,86,93,2.69,3.40,Faisal_Town
2021-03-01,12:17:51pm,nan,nan,51,86,93,2.95,3.61,Faisal_Town
2021-03-01,12:27:56pm,nan,nan,51,86,93,2.43,3.19,Faisal_Town
2021-03-01,12:38:02pm,nan,nan,51,86,93,2.19,2.99,Faisal_Town
2021-03-01,12:48:07pm,nan,nan,51,86,93,2.23,3.02,Faisal_Town
2021-03-01,12:58:12pm,nan,nan,51,86,93,2.92,3.59,Faisal_Town
2021-03-01,01:08:17pm,nan,nan,51,86,93,2.34,3.12,Faisal_Town
2021-03-01,01:18:23pm,nan,nan,51,86,93,2.23,3.02,Faisal_Town
2021-03-01,01:28:28pm,nan,nan,51,86,93,2.29,3.08,Faisal_Town
2021-03-01,01:38:33pm,nan,nan,51,86,93,2.74,3.44,Faisal_Town
2021-03-01,01:48:38pm,nan,nan,51,86,93,1.63,2.49,Faisal_Town
2021-03-01,01:58:44pm,nan,nan,51,87,94,2.23,3.02,Faisal_Town
2021-03-01,02:08:49pm,nan,nan,51,87,94,2.02,2.85,Faisal_Town
2021-03-01,02:18:54pm,nan,nan,51,87,94,1.97,2.80,Faisal_Town
2021-03-01,02:49:47pm,nan,nan,29,44,54,4.78,4.89,Faisal_Town
2021-03-01,02:59:53pm,nan,nan,29,44,54,4.17,4.48,Faisal_Town
2021-03-01,03:09:58pm,nan,nan,29,44,54,3.81,4.24,Faisal_Town
2021-03-01,03:20:03pm,nan,nan,29,44,54,5.27,5.19,Faisal_Town
2021-03-01,03:30:09pm,nan,nan,29,44,54,6.95,6.18,Faisal_Town
2021-03-01,03:40:14pm,nan,nan,29,44,54,5.27,5.19,Faisal_Town
2021-03-01,03:50:20pm,nan,nan,29,44,54,5.27,5.19,Faisal_Town
2021-03-01,04:00:25pm,nan,nan,29,44,54,5.02,5.04,Faisal_Town
2021-03-01,04:10:31pm,nan,nan,29,44,54,6.38,5.86,Faisal_Town
2021-03-01,04:20:35pm,nan,nan,29,44,54,7.28,6.36,Faisal_Town
2021-03-01,04:30:41pm,nan,nan,29,44,54,4.88,4.95,Faisal_Town
2021-03-01,04:50:47pm,nan,nan,29,44,54,12.10,8.75,Faisal_Town
2021-03-01,05:00:52pm,nan,nan,29,44,54,9.08,7.31,Faisal_Town
2021-03-01,05:21:52pm,nan,nan,28,43,52,6.72,6.05,Faisal_Town
2021-03-01,05:35:29pm,nan,nan,28,43,52,11.12,8.30,Faisal_Town
2021-03-01,05:41:15pm,nan,nan,28,43,52,8.13,6.82,Faisal_Town
2021-03-01,05:51:20pm,nan,nan,28,43,52,11.60,8.52,Faisal_Town
2021-03-01,06:01:25pm,nan,nan,28,43,52,12.29,8.84,Faisal_Town
2021-03-01,06:11:31pm,nan,nan,28,43,52,10.66,8.09,Faisal_Town
2021-03-01,06:21:36pm,nan,nan,28,43,52,10.66,8.09,Faisal_Town
2021-03-01,07:42:54pm,nan,nan,52,81,86,5.13,5.11,Faisal_Town
2021-03-01,07:53:01pm,nan,nan,52,81,86,3.92,4.31,Faisal_Town
2021-03-01,08:43:07pm,nan,nan,52,81,86,2.63,3.35,Faisal_Town
2021-03-01,09:23:12pm,nan,nan,52,81,86,2.92,3.58,Faisal_Town
2021-03-01,09:53:18pm,nan,nan,52,81,86,1.09,1.93,Faisal_Town
2021-03-01,09:57:48pm,nan,nan,66,98,108,4.86,4.94,Faisal_Town
2021-03-01,10:07:53pm,nan,nan,66,98,108,3.29,3.86,Faisal_Town
2021-03-01,10:17:59pm,nan,nan,66,98,108,4.32,4.59,Faisal_Town
2021-03-01,10:28:04pm,nan,nan,66,98,108,5.99,5.63,Faisal_Town
2021-03-01,10:38:09pm,nan,nan,66,98,108,5.20,5.15,Faisal_Town
2021-03-01,11:28:15pm,nan,nan,66,98,108,2.79,3.48,Faisal_Town
2021-03-02,12:20:01am,nan,nan,52,76,82,4.49,4.69,Faisal_Town
2021-03-02,12:30:06am,nan,nan,52,76,82,5.08,5.08,Faisal_Town
2021-03-02,12:40:12am,nan,nan,52,76,82,4.73,4.86,Faisal_Town
2021-03-02,12:50:17am,nan,nan,52,76,82,5.80,5.52,Faisal_Town
2021-03-02,01:00:22am,nan,nan,52,76,82,7.65,6.56,Faisal_Town
2021-03-02,01:10:27am,nan,nan,52,76,82,10.99,8.24,Faisal_Town
2021-03-02,01:20:33am,nan,nan,52,76,82,9.94,7.74,Faisal_Town
2021-03-02,01:30:38am,nan,nan,52,76,82,9.06,7.30,Faisal_Town
2021-03-02,01:40:43am,nan,nan,52,76,82,7.65,6.56,Faisal_Town
2021-03-02,01:50:48am,nan,nan,52,76,82,8.99,7.26,Faisal_Town
2021-03-02,02:00:54am,nan,nan,52,76,82,10.45,7.98,Faisal_Town
2021-03-02,02:10:59am,nan,nan,52,76,82,5.45,5.31,Faisal_Town
2021-03-02,02:21:04am,nan,nan,52,76,82,4.41,4.64,Faisal_Town
2021-03-02,02:31:09am,nan,nan,52,76,82,3.71,4.17,Faisal_Town
2021-03-02,02:41:15am,nan,nan,52,76,82,3.71,4.17,Faisal_Town
2021-03-02,02:51:20am,nan,nan,52,76,82,3.92,4.31,Faisal_Town
2021-03-02,03:01:25am,nan,nan,52,76,82,3.88,4.29,Faisal_Town
2021-03-02,03:11:30am,nan,nan,52,77,83,3.81,4.24,Faisal_Town
2021-03-02,03:21:36am,nan,nan,52,77,83,4.82,4.91,Faisal_Town
2021-03-02,03:31:41am,nan,nan,52,77,83,3.61,4.10,Faisal_Town
2021-03-02,03:41:46am,nan,nan,52,77,83,3.61,4.10,Faisal_Town
2021-03-02,03:51:51am,nan,nan,52,77,83,4.49,4.69,Faisal_Town
2021-03-02,04:01:57am,nan,nan,52,77,83,4.49,4.69,Faisal_Town
2021-03-02,04:12:02am,nan,nan,52,77,83,4.53,4.72,Faisal_Town
2021-03-02,04:22:07am,nan,nan,52,77,83,3.42,3.96,Faisal_Town
2021-03-02,04:32:13am,nan,nan,52,77,83,3.55,4.05,Faisal_Town
2021-03-02,04:42:26am,nan,nan,80,130,139,3.91,4.30,Faisal_Town
2021-03-02,04:52:31am,nan,nan,80,130,139,4.45,4.67,Faisal_Town
2021-03-02,05:02:36am,nan,nan,80,130,139,5.28,5.20,Faisal_Town
2021-03-02,05:12:42am,nan,nan,80,130,139,5.57,5.38,Faisal_Town
2021-03-02,05:22:47am,nan,nan,80,130,139,3.91,4.30,Faisal_Town
2021-03-02,05:32:52am,nan,nan,80,130,139,3.46,3.99,Faisal_Town
2021-03-02,05:42:58am,nan,nan,80,130,139,3.60,4.09,Faisal_Town
2021-03-02,05:53:03am,nan,nan,80,130,139,4.29,4.56,Faisal_Town
2021-03-02,06:03:08am,nan,nan,80,130,139,3.77,4.21,Faisal_Town
2021-03-02,06:13:13am,nan,nan,80,130,139,3.91,4.30,Faisal_Town
2021-03-02,06:23:19am,nan,nan,80,130,139,4.53,4.72,Faisal_Town
2021-03-02,06:33:24am,nan,nan,80,130,139,4.40,4.64,Faisal_Town
2021-03-02,06:43:29am,nan,nan,80,130,139,3.87,4.28,Faisal_Town
2021-03-02,06:53:34am,nan,nan,80,130,139,3.87,4.28,Faisal_Town
2021-03-02,07:03:40am,nan,nan,80,130,139,4.49,4.69,Faisal_Town
2021-03-02,07:13:45am,nan,nan,80,130,139,5.23,5.17,Faisal_Town
2021-03-02,07:23:50am,nan,nan,80,130,139,5.52,5.35,Faisal_Town
2021-03-02,07:33:55am,nan,nan,80,129,138,4.91,4.97,Faisal_Town
2021-03-02,07:44:01am,nan,nan,80,129,138,4.53,4.72,Faisal_Town
2021-03-02,07:54:06am,nan,nan,80,129,138,5.28,5.20,Faisal_Town
2021-03-02,08:04:11am,nan,nan,80,129,138,5.42,5.29,Faisal_Town
2021-03-02,08:14:16am,nan,nan,80,129,138,3.56,4.06,Faisal_Town
2021-03-02,08:24:22am,nan,nan,80,129,138,4.09,4.43,Faisal_Town
2021-03-02,08:34:27am,nan,nan,80,129,138,5.42,5.29,Faisal_Town
2021-03-02,08:44:32am,nan,nan,80,129,138,5.52,5.35,Faisal_Town
2021-03-02,08:54:37am,nan,nan,80,129,138,8.69,7.11,Faisal_Town
2021-03-02,09:04:51am,nan,nan,53,82,88,3.93,4.32,Faisal_Town
2021-03-02,09:14:56am,nan,nan,53,82,88,4.83,4.91,Faisal_Town
2021-03-02,09:25:01am,nan,nan,53,82,88,4.83,4.91,Faisal_Town
2021-03-02,09:35:08am,nan,nan,53,82,88,3.05,3.68,Faisal_Town
2021-03-02,09:45:13am,nan,nan,53,82,88,4.47,4.68,Faisal_Town
2021-03-02,09:55:18am,nan,nan,53,82,88,3.86,4.27,Faisal_Town
2021-03-02,10:05:24am,nan,nan,53,82,88,3.33,3.89,Faisal_Town
2021-03-02,10:15:29am,nan,nan,53,82,88,4.14,4.46,Faisal_Town
2021-03-02,10:25:34am,nan,nan,53,82,88,5.57,5.38,Faisal_Town
2021-03-02,10:35:39am,nan,nan,53,82,88,3.33,3.89,Faisal_Town
2021-03-02,10:45:45am,nan,nan,53,82,88,5.25,5.18,Faisal_Town
2021-03-02,10:55:50am,nan,nan,53,82,88,3.54,4.05,Faisal_Town
2021-03-02,11:36:13am,nan,nan,25,39,48,5.03,5.04,Faisal_Town
2021-03-02,11:46:19am,nan,nan,25,39,48,5.57,5.38,Faisal_Town
2021-03-02,11:56:25am,nan,nan,25,39,48,4.08,4.42,Faisal_Town
2021-03-02,12:06:29pm,nan,nan,25,39,48,3.23,3.82,Faisal_Town
2021-03-02,12:16:35pm,nan,nan,25,39,48,3.64,4.11,Faisal_Town
2021-03-02,12:26:40pm,nan,nan,25,39,48,3.14,3.75,Faisal_Town
2021-03-02,01:01:38pm,nan,nan,22,32,34,48.67,20.98,Faisal_Town
2021-03-02,01:11:44pm,nan,nan,22,32,34,23.55,13.30,Faisal_Town
2021-03-02,02:21:50pm,nan,nan,22,32,34,27.25,14.58,Faisal_Town
2021-03-02,02:41:55pm,nan,nan,22,32,34,31.76,16.05,Faisal_Town
2021-03-02,03:08:02pm,nan,nan,22,32,34,26.22,14.23,Faisal_Town
2021-03-02,04:15:10pm,nan,nan,22,28,28,5.68,5.44,Faisal_Town
2021-03-02,04:25:15pm,nan,nan,22,28,28,6.81,6.10,Faisal_Town
2021-03-02,04:35:20pm,nan,nan,22,28,28,6.40,5.86,Faisal_Town
2021-03-02,04:45:26pm,nan,nan,22,28,28,3.99,4.36,Faisal_Town
2021-03-02,04:55:31pm,nan,nan,22,28,28,5.43,5.29,Faisal_Town
2021-03-02,05:05:36pm,nan,nan,22,28,28,5.43,5.29,Faisal_Town
2021-03-02,05:15:41pm,nan,nan,22,28,28,5.53,5.35,Faisal_Town
2021-03-02,05:25:47pm,nan,nan,22,28,28,9.46,7.50,Faisal_Town
2021-03-02,05:35:52pm,nan,nan,22,28,28,6.63,6.00,Faisal_Town
2021-03-02,05:45:57pm,nan,nan,22,28,28,8.36,6.94,Faisal_Town
2021-03-02,05:56:02pm,nan,nan,22,28,28,12.57,8.97,Faisal_Town
2021-03-02,06:06:08pm,nan,nan,22,28,28,27.40,14.63,Faisal_Town
2021-03-02,06:16:13pm,nan,nan,22,28,28,24.66,13.69,Faisal_Town
2021-03-02,06:26:18pm,nan,nan,22,28,28,24.26,13.55,Faisal_Town
2021-03-02,06:36:24pm,nan,nan,22,28,28,30.19,15.54,Faisal_Town
2021-03-02,06:46:29pm,nan,nan,22,28,28,25.07,13.83,Faisal_Town
2021-03-02,06:56:34pm,nan,nan,22,28,28,26.32,14.26,Faisal_Town
2021-03-02,07:06:39pm,nan,nan,22,31,32,24.66,13.69,Faisal_Town
2021-03-02,07:16:45pm,nan,nan,22,31,32,23.10,13.14,Faisal_Town
2021-03-02,07:26:50pm,nan,nan,22,31,32,24.46,13.62,Faisal_Town
2021-03-02,07:36:55pm,nan,nan,22,31,32,31.94,16.10,Faisal_Town
2021-03-02,07:44:39pm,nan,nan,38,59,68,6.35,5.84,Faisal_Town
2021-03-02,07:54:44pm,nan,nan,38,59,68,4.65,4.80,Faisal_Town
2021-03-02,08:04:50pm,nan,nan,38,59,68,4.12,4.45,Faisal_Town
2021-03-02,08:14:55pm,nan,nan,38,59,68,6.50,5.93,Faisal_Town
2021-03-02,08:25:00pm,nan,nan,38,59,68,4.77,4.87,Faisal_Town
2021-03-02,08:35:06pm,nan,nan,38,59,68,7.38,6.42,Faisal_Town
2021-03-02,09:23:36pm,nan,nan,41,63,71,6.66,6.02,Faisal_Town
2021-03-02,09:33:41pm,nan,nan,41,63,71,11.48,8.47,Faisal_Town
2021-03-02,09:43:46pm,nan,nan,41,63,71,12.06,8.74,Faisal_Town
2021-03-02,09:53:51pm,nan,nan,41,63,71,13.77,9.49,Faisal_Town
2021-03-02,10:03:57pm,nan,nan,41,63,71,12.47,8.92,Faisal_Town
2021-03-02,10:14:10pm,nan,nan,52,82,90,3.90,4.30,Faisal_Town
2021-03-02,10:24:16pm,nan,nan,52,82,90,5.97,5.62,Faisal_Town
2021-03-02,10:34:21pm,nan,nan,52,82,90,4.69,4.83,Faisal_Town
2021-03-02,10:44:26pm,nan,nan,52,82,90,3.70,4.16,Faisal_Town
2021-03-02,10:54:32pm,nan,nan,52,82,90,7.07,6.25,Faisal_Town
2021-03-02,11:04:37pm,nan,nan,52,82,90,7.25,6.35,Faisal_Town
2021-03-03,12:05:39am,nan,nan,61,95,101,4.34,4.59,Faisal_Town
2021-03-03,12:15:45am,nan,nan,61,95,101,3.95,4.33,Faisal_Town
2021-03-03,12:48:56am,nan,nan,61,95,101,3.95,4.33,Faisal_Town
2021-03-03,12:48:56am,nan,nan,61,95,101,5.36,5.25,Faisal_Town
2021-03-03,01:16:17am,nan,nan,61,95,101,5.54,5.36,Faisal_Town
2021-03-03,01:29:51am,nan,nan,61,95,101,5.92,5.59,Faisal_Town
2021-03-03,01:36:35am,nan,nan,61,95,101,5.27,5.19,Faisal_Town
2021-03-03,01:46:50am,nan,nan,61,95,101,4.76,4.87,Faisal_Town
2021-03-03,01:56:29am,nan,nan,61,95,101,4.60,4.77,Faisal_Town
2021-03-03,02:06:37am,nan,nan,61,95,101,4.80,4.90,Faisal_Town
2021-03-03,02:17:00am,nan,nan,61,95,101,4.08,4.42,Faisal_Town
2021-03-03,02:27:52am,nan,nan,61,95,101,5.63,5.42,Faisal_Town
2021-03-03,02:36:51am,nan,nan,61,95,101,5.36,5.25,Faisal_Town
2021-03-03,03:17:20am,nan,nan,60,94,100,4.68,4.82,Faisal_Town
2021-03-03,03:17:44am,nan,nan,60,94,100,4.72,4.85,Faisal_Town
2021-03-03,03:50:16am,nan,nan,60,94,100,3.78,4.21,Faisal_Town
2021-03-03,04:09:02am,nan,nan,60,94,100,3.95,4.33,Faisal_Town
2021-03-03,05:04:25am,nan,nan,94,150,163,4.52,4.72,Faisal_Town
2021-03-03,05:30:46am,nan,nan,94,150,163,2.82,3.51,Faisal_Town
2021-03-03,05:53:18am,nan,nan,94,150,163,3.08,3.71,Faisal_Town
2021-03-03,06:19:52am,nan,nan,94,150,163,2.19,2.99,Faisal_Town
2021-03-03,06:39:31am,nan,nan,94,150,163,3.17,3.77,Faisal_Town
2021-03-03,07:08:28am,nan,nan,94,150,163,4.15,4.47,Faisal_Town
2021-03-03,07:08:28am,nan,nan,94,150,163,3.00,3.65,Faisal_Town
2021-03-03,07:10:25am,nan,nan,94,150,163,4.37,4.62,Faisal_Town
2021-03-03,07:29:35am,nan,nan,94,149,164,5.50,5.33,Faisal_Town
2021-03-03,08:03:38am,nan,nan,94,149,164,3.08,3.71,Faisal_Town
2021-03-03,08:09:52am,nan,nan,94,149,164,11.16,8.32,Faisal_Town
2021-03-03,08:43:56am,nan,nan,94,149,164,8.61,7.07,Faisal_Town
2021-03-03,08:58:02am,nan,nan,162,315,353,3.89,4.29,Faisal_Town
2021-03-03,09:18:28am,nan,nan,162,315,353,3.57,4.07,Faisal_Town
2021-03-03,10:03:47am,nan,nan,162,315,353,1.96,2.79,Faisal_Town
2021-03-03,10:23:00am,nan,nan,162,315,353,3.23,3.82,Faisal_Town
2021-03-03,11:31:16am,nan,nan,162,315,353,3.95,4.33,Faisal_Town
2021-03-03,12:13:07pm,nan,nan,57,93,101,5.50,5.33,Faisal_Town
2021-03-03,12:39:31pm,nan,nan,57,93,101,2.03,2.85,Faisal_Town
2021-03-03,12:39:31pm,nan,nan,57,93,101,4.21,4.51,Faisal_Town
2021-03-03,12:56:30pm,nan,nan,57,93,101,2.04,2.87,Faisal_Town
2021-03-03,01:17:19pm,nan,nan,57,93,101,5.23,5.17,Faisal_Town
2021-03-03,03:01:58pm,nan,nan,33,51,64,4.64,4.79,Faisal_Town
2021-03-03,03:12:02pm,nan,nan,33,51,64,4.88,4.95,Faisal_Town
2021-03-03,03:22:08pm,nan,nan,33,51,64,3.17,3.77,Faisal_Town
2021-03-03,03:32:13pm,nan,nan,33,51,64,7.23,6.34,Faisal_Town
2021-03-03,03:42:18pm,nan,nan,33,51,64,6.19,5.75,Faisal_Town
2021-03-03,04:02:24pm,nan,nan,33,51,64,4.34,4.60,Faisal_Town
2021-03-03,04:12:29pm,nan,nan,33,51,64,5.04,5.05,Faisal_Town
2021-03-03,04:22:34pm,nan,nan,33,51,64,6.56,5.96,Faisal_Town
2021-03-03,04:32:39pm,nan,nan,33,51,64,9.06,7.30,Faisal_Town
2021-03-03,04:42:45pm,nan,nan,33,51,64,7.23,6.34,Faisal_Town
2021-03-03,04:52:50pm,nan,nan,33,51,64,9.90,7.72,Faisal_Town
2021-03-03,05:02:55pm,nan,nan,33,51,64,7.97,6.73,Faisal_Town
2021-03-03,05:13:01pm,nan,nan,33,51,64,7.17,6.30,Faisal_Town
2021-03-03,05:23:06pm,nan,nan,33,51,64,13.70,9.46,Faisal_Town
2021-03-03,07:23:21pm,nan,nan,35,58,70,3.92,4.31,Faisal_Town
2021-03-03,07:33:27pm,nan,nan,35,58,70,6.38,5.86,Faisal_Town
2021-03-03,07:43:32pm,nan,nan,35,58,70,5.67,5.44,Faisal_Town
2021-03-03,07:53:37pm,nan,nan,35,58,70,5.81,5.52,Faisal_Town
2021-03-03,08:03:43pm,nan,nan,35,58,70,6.48,5.91,Faisal_Town
2021-03-03,08:13:48pm,nan,nan,35,58,70,8.31,6.91,Faisal_Town
2021-03-03,08:16:11pm,nan,nan,49,78,83,4.50,4.70,Faisal_Town
2021-03-03,08:26:16pm,nan,nan,49,78,83,4.23,4.52,Faisal_Town
2021-03-03,08:36:21pm,nan,nan,49,78,83,6.09,5.69,Faisal_Town
2021-03-03,08:46:27pm,nan,nan,49,78,83,8.75,7.14,Faisal_Town
2021-03-03,08:56:32pm,nan,nan,49,78,83,4.79,4.89,Faisal_Town
2021-03-03,09:06:37pm,nan,nan,49,78,83,3.59,4.08,Faisal_Town
2021-03-03,09:16:42pm,nan,nan,49,78,83,4.33,4.59,Faisal_Town
2021-03-03,09:26:48pm,nan,nan,49,78,83,3.11,3.73,Faisal_Town
2021-03-03,09:36:53pm,nan,nan,49,78,83,3.48,4.00,Faisal_Town
2021-03-03,09:46:58pm,nan,nan,49,78,83,3.73,4.18,Faisal_Town
2021-03-03,09:57:04pm,nan,nan,49,78,83,3.76,4.20,Faisal_Town
2021-03-03,10:07:09pm,nan,nan,49,78,83,4.50,4.70,Faisal_Town
2021-03-03,10:17:14pm,nan,nan,49,78,83,3.94,4.33,Faisal_Town
2021-03-03,10:27:20pm,nan,nan,49,78,83,4.64,4.79,Faisal_Town
2021-03-03,10:37:25pm,nan,nan,49,78,83,3.88,4.28,Faisal_Town
2021-03-03,10:47:30pm,nan,nan,49,78,83,3.21,3.81,Faisal_Town
2021-03-03,10:57:35pm,nan,nan,49,78,83,3.59,4.08,Faisal_Town
2021-03-03,11:07:41pm,nan,nan,49,77,82,4.06,4.41,Faisal_Town
2021-03-03,11:17:46pm,nan,nan,49,77,82,4.50,4.70,Faisal_Town
2021-03-03,11:27:51pm,nan,nan,49,77,82,3.37,3.92,Faisal_Town
2021-03-03,11:37:57pm,nan,nan,49,77,82,3.16,3.77,Faisal_Town
2021-03-03,11:57:01pm,nan,nan,99,166,183,4.55,4.73,Faisal_Town
2021-03-04,12:07:06am,nan,nan,99,166,183,2.71,3.42,Faisal_Town
2021-03-04,12:17:11am,nan,nan,99,166,183,3.61,4.09,Faisal_Town
2021-03-04,12:27:16am,nan,nan,99,166,183,3.06,3.69,Faisal_Town
2021-03-04,12:37:22am,nan,nan,99,166,183,2.77,3.47,Faisal_Town
2021-03-04,12:47:27am,nan,nan,99,166,183,2.81,3.50,Faisal_Town
2021-03-04,12:57:32am,nan,nan,99,166,183,3.87,4.28,Faisal_Town
2021-03-04,01:07:37am,nan,nan,99,166,183,3.55,4.05,Faisal_Town
2021-03-04,01:17:43am,nan,nan,99,166,183,3.84,4.25,Faisal_Town
2021-03-04,01:27:49am,nan,nan,99,166,183,3.63,4.11,Faisal_Town
2021-03-04,01:37:54am,nan,nan,99,166,183,3.42,3.96,Faisal_Town
2021-03-04,02:08:00am,nan,nan,99,166,183,2.64,3.37,Faisal_Town
2021-03-04,02:48:05am,nan,nan,98,166,184,1.89,2.72,Faisal_Town
2021-03-04,03:08:11am,nan,nan,98,166,184,1.12,1.96,Faisal_Town
2021-03-04,03:28:17am,nan,nan,98,166,184,0.68,1.44,Faisal_Town
2021-03-04,04:24:52am,nan,nan,98,166,184,0.57,1.28,Faisal_Town
2021-03-04,04:37:59am,nan,nan,86,148,160,4.70,4.83,Faisal_Town
2021-03-04,05:07:18am,nan,nan,86,148,160,3.70,4.16,Faisal_Town
2021-03-04,05:24:35am,nan,nan,86,148,160,2.98,3.63,Faisal_Town
2021-03-04,05:29:40am,nan,nan,86,148,160,3.94,4.33,Faisal_Town
2021-03-04,05:39:46am,nan,nan,86,148,160,3.48,4.00,Faisal_Town
2021-03-04,05:53:52am,nan,nan,86,148,160,3.51,4.02,Faisal_Town
2021-03-04,06:02:36am,nan,nan,86,148,160,2.64,3.37,Faisal_Town
2021-03-04,06:10:47am,nan,nan,86,148,160,3.45,3.98,Faisal_Town
2021-03-04,06:31:17am,nan,nan,86,148,160,3.74,4.18,Faisal_Town
2021-03-04,07:10:56am,nan,nan,112,207,216,26.29,14.25,Faisal_Town
2021-03-04,07:38:03am,nan,nan,112,207,216,35.79,17.30,Faisal_Town
2021-03-04,07:54:46am,nan,nan,112,207,216,41.16,18.89,Faisal_Town
2021-03-04,08:19:09am,nan,nan,112,207,216,35.21,17.12,Faisal_Town
2021-03-04,10:45:21am,nan,nan,119,227,237,23.35,13.23,Faisal_Town
2021-03-04,11:05:27am,nan,nan,63,105,114,3.91,4.30,Faisal_Town
2021-03-04,11:15:31am,nan,nan,63,105,114,2.97,3.62,Faisal_Town
2021-03-04,11:25:37am,nan,nan,63,105,114,3.65,4.12,Faisal_Town
2021-03-04,11:35:46am,nan,nan,63,105,114,4.01,4.37,Faisal_Town
2021-03-04,11:45:46am,nan,nan,63,105,114,3.07,3.70,Faisal_Town
2021-03-04,11:56:49am,nan,nan,63,105,114,4.15,4.47,Faisal_Town
2021-03-04,12:06:02pm,nan,nan,63,105,114,4.86,4.94,Faisal_Town
2021-03-04,12:17:16pm,nan,nan,63,105,114,4.82,4.91,Faisal_Town
2021-03-04,12:26:41pm,nan,nan,63,105,114,4.63,4.78,Faisal_Town
2021-03-04,12:36:18pm,nan,nan,63,105,114,4.95,4.99,Faisal_Town
2021-03-04,01:06:36pm,nan,nan,63,105,114,4.40,4.64,Faisal_Town
2021-03-04,01:26:33pm,nan,nan,63,105,114,4.08,4.42,Faisal_Town
2021-03-04,01:56:38pm,nan,nan,63,105,114,2.86,3.54,Faisal_Town
2021-03-04,02:06:43pm,nan,nan,63,105,114,3.47,3.99,Faisal_Town
2021-03-04,02:16:48pm,nan,nan,63,105,114,3.32,3.88,Faisal_Town
2021-03-04,02:26:53pm,nan,nan,63,105,114,3.59,4.08,Faisal_Town
2021-03-04,02:36:59pm,nan,nan,63,105,114,4.95,4.99,Faisal_Town
2021-03-04,03:27:13pm,nan,nan,49,79,85,3.87,4.28,Faisal_Town
2021-03-04,03:37:18pm,nan,nan,49,79,85,2.97,3.63,Faisal_Town
2021-03-04,04:37:27pm,nan,nan,49,79,85,3.65,4.12,Faisal_Town
2021-03-04,05:37:34pm,nan,nan,49,79,85,5.34,5.24,Faisal_Town
2021-03-04,05:47:39pm,nan,nan,49,79,85,5.39,5.27,Faisal_Town
2021-03-04,06:27:45pm,nan,nan,49,79,86,8.61,7.07,Faisal_Town
2021-03-04,06:47:50pm,nan,nan,49,79,86,14.40,9.76,Faisal_Town
2021-03-04,07:45:45pm,nan,nan,76,123,134,4.47,4.68,Faisal_Town
2021-03-04,07:55:51pm,nan,nan,76,123,134,4.07,4.42,Faisal_Town
2021-03-04,08:05:56pm,nan,nan,76,123,134,4.23,4.53,Faisal_Town
2021-03-04,08:16:01pm,nan,nan,76,123,134,3.44,3.97,Faisal_Town
2021-03-04,08:46:07pm,nan,nan,76,123,134,2.43,3.19,Faisal_Town
2021-03-04,09:06:12pm,nan,nan,76,123,134,3.63,4.11,Faisal_Town
2021-03-04,09:56:19pm,nan,nan,76,123,134,3.28,3.86,Faisal_Town
2021-03-04,10:51:43pm,nan,nan,125,229,258,3.94,4.32,Faisal_Town
2021-03-04,11:01:49pm,nan,nan,125,229,258,6.71,6.04,Faisal_Town
2021-03-04,11:39:44pm,nan,nan,130,248,259,6.67,6.02,Faisal_Town
2021-03-04,11:49:49pm,nan,nan,130,248,259,4.07,4.42,Faisal_Town
2021-03-04,11:59:54pm,nan,nan,130,248,259,3.92,4.31,Faisal_Town
2021-03-05,12:10:00am,nan,nan,130,248,259,4.47,4.68,Faisal_Town
2021-03-05,12:20:05am,nan,nan,130,248,259,3.95,4.33,Faisal_Town
2021-03-05,12:30:10am,nan,nan,130,248,259,4.61,4.77,Faisal_Town
2021-03-05,12:40:16am,nan,nan,130,248,259,4.40,4.63,Faisal_Town
2021-03-05,12:50:21am,nan,nan,130,248,259,4.71,4.84,Faisal_Town
2021-03-05,01:00:26am,nan,nan,130,248,259,5.41,5.28,Faisal_Town
2021-03-05,01:10:31am,nan,nan,130,248,259,4.23,4.52,Faisal_Town
2021-03-05,01:20:37am,nan,nan,130,248,259,4.10,4.44,Faisal_Town
2021-03-05,01:30:42am,nan,nan,130,248,259,4.20,4.50,Faisal_Town
2021-03-05,01:40:47am,nan,nan,130,248,259,4.33,4.59,Faisal_Town
2021-03-05,01:50:52am,nan,nan,130,248,259,7.90,6.69,Faisal_Town
2021-03-05,02:00:58am,nan,nan,130,248,259,6.93,6.17,Faisal_Town
2021-03-05,02:11:03am,nan,nan,130,248,259,6.87,6.14,Faisal_Town
2021-03-05,02:21:08am,nan,nan,130,248,259,5.21,5.16,Faisal_Town
2021-03-05,02:31:13am,nan,nan,133,251,260,4.61,4.77,Faisal_Town
2021-03-05,02:41:19am,nan,nan,133,251,260,4.30,4.57,Faisal_Town
2021-03-05,02:51:24am,nan,nan,133,251,260,3.06,3.69,Faisal_Town
2021-03-05,03:01:29am,nan,nan,133,251,260,2.68,3.39,Faisal_Town
2021-03-05,03:11:34am,nan,nan,133,251,260,2.85,3.53,Faisal_Town
2021-03-05,03:21:40am,nan,nan,133,251,260,2.48,3.23,Faisal_Town
2021-03-05,03:31:45am,nan,nan,133,251,260,1.52,2.38,Faisal_Town
2021-03-05,03:41:50am,nan,nan,133,251,260,1.54,2.40,Faisal_Town
2021-03-05,03:51:56am,nan,nan,133,251,260,1.42,2.28,Faisal_Town
2021-03-05,04:02:09am,nan,nan,137,263,287,3.91,4.30,Faisal_Town
2021-03-05,04:12:14am,nan,nan,137,263,287,3.57,4.07,Faisal_Town
2021-03-05,04:22:20am,nan,nan,137,263,287,3.87,4.28,Faisal_Town
2021-03-05,04:32:25am,nan,nan,137,263,287,4.85,4.93,Faisal_Town
2021-03-05,04:42:30am,nan,nan,137,263,287,3.29,3.87,Faisal_Town
2021-03-05,04:52:35am,nan,nan,137,263,287,2.80,3.49,Faisal_Town
2021-03-05,05:02:41am,nan,nan,137,263,287,3.04,3.67,Faisal_Town
2021-03-05,05:12:46am,nan,nan,137,263,287,3.78,4.22,Faisal_Town
2021-03-05,05:22:51am,nan,nan,137,263,287,4.27,4.55,Faisal_Town
2021-03-05,05:32:56am,nan,nan,137,263,287,4.59,4.76,Faisal_Town
2021-03-05,05:43:02am,nan,nan,137,263,287,4.66,4.81,Faisal_Town
2021-03-05,05:53:07am,nan,nan,137,263,287,5.51,5.34,Faisal_Town
2021-03-05,06:03:12am,nan,nan,137,263,287,4.89,4.95,Faisal_Town
2021-03-05,06:13:17am,nan,nan,137,263,287,5.60,5.39,Faisal_Town
2021-03-05,06:23:23am,nan,nan,137,263,287,5.51,5.34,Faisal_Town
2021-03-05,06:33:28am,nan,nan,137,263,287,5.25,5.18,Faisal_Town
2021-03-05,06:43:33am,nan,nan,137,263,287,4.89,4.95,Faisal_Town
2021-03-05,06:53:39am,nan,nan,137,263,287,6.66,6.02,Faisal_Town
2021-03-05,07:03:44am,nan,nan,137,263,287,7.09,6.26,Faisal_Town
2021-03-05,07:13:50am,nan,nan,137,263,287,7.26,6.35,Faisal_Town
2021-03-05,07:23:55am,nan,nan,137,263,287,6.93,6.17,Faisal_Town
2021-03-05,07:34:00am,nan,nan,137,263,287,9.70,7.62,Faisal_Town
2021-03-05,07:44:05am,nan,nan,137,263,287,6.61,5.99,Faisal_Town
2021-03-05,07:54:11am,nan,nan,137,263,287,7.32,6.38,Faisal_Town
2021-03-05,08:04:16am,nan,nan,137,263,287,7.21,6.32,Faisal_Town
2021-03-05,08:14:21am,nan,nan,137,263,287,7.26,6.35,Faisal_Town
2021-03-05,08:24:34am,nan,nan,134,241,266,3.91,4.30,Faisal_Town
2021-03-05,08:34:41am,nan,nan,134,241,266,3.20,3.79,Faisal_Town
2021-03-05,08:44:47am,nan,nan,134,241,266,3.14,3.75,Faisal_Town
2021-03-05,09:15:46am,nan,nan,134,241,266,2.23,3.03,Faisal_Town
2021-03-05,09:15:46am,nan,nan,134,241,266,5.45,5.30,Faisal_Town
2021-03-05,10:21:04am,nan,nan,115,197,203,24.65,13.69,Faisal_Town
2021-03-05,10:30:24am,nan,nan,115,197,203,33.20,16.50,Faisal_Town
2021-03-05,11:00:39am,nan,nan,115,197,203,22.00,12.74,Faisal_Town
2021-03-05,11:35:07am,nan,nan,115,197,203,13.49,9.37,Faisal_Town
2021-03-05,11:44:44am,nan,nan,49,75,80,4.04,4.40,Faisal_Town
2021-03-05,11:52:27am,nan,nan,49,75,80,6.35,5.84,Faisal_Town
2021-03-05,12:08:17pm,nan,nan,49,75,80,3.81,4.24,Faisal_Town
2021-03-05,01:38:23pm,nan,nan,49,75,80,3.10,3.72,Faisal_Town
2021-03-05,01:48:31pm,nan,nan,49,75,80,2.26,3.05,Faisal_Town
2021-03-05,01:58:44pm,nan,nan,49,75,80,2.49,3.24,Faisal_Town
2021-03-05,02:39:11pm,nan,nan,49,75,81,2.42,3.19,Faisal_Town
2021-03-05,03:12:29pm,nan,nan,49,75,81,2.47,3.22,Faisal_Town
2021-03-05,03:48:03pm,nan,nan,49,75,81,2.65,3.37,Faisal_Town
2021-03-05,04:01:51pm,nan,nan,32,50,63,3.88,4.28,Faisal_Town
2021-03-05,04:27:30pm,nan,nan,32,50,63,4.63,4.79,Faisal_Town
2021-03-05,04:29:49pm,nan,nan,32,50,63,5.61,5.40,Faisal_Town
2021-03-05,05:00:53pm,nan,nan,32,50,63,5.66,5.43,Faisal_Town
2021-03-05,05:37:45pm,nan,nan,31,46,55,4.24,4.53,Faisal_Town
2021-03-05,06:12:45pm,nan,nan,31,46,55,5.92,5.59,Faisal_Town
2021-03-05,06:17:20pm,nan,nan,31,46,55,13.49,9.37,Faisal_Town
2021-03-05,06:29:08pm,nan,nan,31,46,55,13.19,9.24,Faisal_Town
2021-03-05,06:47:41pm,nan,nan,31,46,55,24.42,13.60,Faisal_Town
2021-03-05,08:45:41pm,nan,nan,32,47,56,11.04,8.26,Faisal_Town
2021-03-05,09:27:01pm,nan,nan,32,47,56,24.61,13.67,Faisal_Town
2021-03-05,09:37:49pm,nan,nan,32,47,56,15.15,10.08,Faisal_Town
2021-03-05,10:35:34pm,nan,nan,32,47,56,16.87,10.79,Faisal_Town
2021-03-05,11:27:05pm,nan,nan,74,116,125,4.41,4.65,Faisal_Town
2021-03-05,11:37:13pm,nan,nan,74,116,125,3.64,4.11,Faisal_Town
2021-03-05,11:47:24pm,nan,nan,74,116,125,3.91,4.31,Faisal_Town
2021-03-06,12:47:26am,nan,nan,74,116,125,4.11,4.44,Faisal_Town
2021-03-06,12:57:37am,nan,nan,74,116,125,2.75,3.45,Faisal_Town
2021-03-06,01:07:43am,nan,nan,74,116,125,2.15,2.95,Faisal_Town
2021-03-06,01:19:53am,nan,nan,74,116,125,1.87,2.71,Faisal_Town
2021-03-06,01:41:16am,nan,nan,74,116,125,2.49,3.25,Faisal_Town
2021-03-06,01:51:12am,nan,nan,74,116,125,2.56,3.30,Faisal_Town
2021-03-06,01:58:58am,nan,nan,74,116,125,2.71,3.42,Faisal_Town
2021-03-06,02:58:42am,nan,nan,74,116,125,1.57,2.42,Faisal_Town
2021-03-06,03:08:58am,nan,nan,74,116,125,1.48,2.33,Faisal_Town
2021-03-06,03:09:09am,nan,nan,74,116,125,1.89,2.73,Faisal_Town
2021-03-06,03:46:33am,nan,nan,74,116,125,1.91,2.74,Faisal_Town
2021-03-06,03:47:03am,nan,nan,74,116,125,1.84,2.68,Faisal_Town
2021-03-06,04:53:39am,nan,nan,104,168,184,2.19,2.99,Faisal_Town
2021-03-06,04:58:55am,nan,nan,104,168,184,4.37,4.62,Faisal_Town
2021-03-06,05:24:58am,nan,nan,104,168,184,2.30,3.09,Faisal_Town
2021-03-06,05:25:22am,nan,nan,104,168,184,1.83,2.67,Faisal_Town
2021-03-06,06:01:19am,nan,nan,104,168,184,2.84,3.52,Faisal_Town
2021-03-06,06:23:26am,nan,nan,104,168,184,2.74,3.45,Faisal_Town
2021-03-06,06:30:20am,nan,nan,104,168,184,2.39,3.16,Faisal_Town
2021-03-06,06:50:56am,nan,nan,104,169,184,1.93,2.76,Faisal_Town
2021-03-06,07:11:02am,nan,nan,104,169,184,5.70,5.45,Faisal_Town
2021-03-06,07:25:47am,nan,nan,104,169,184,14.74,9.91,Faisal_Town
2021-03-06,07:44:28am,nan,nan,104,169,184,3.31,3.88,Faisal_Town
2021-03-06,08:44:31am,nan,nan,123,214,243,2.23,3.03,Faisal_Town
2021-03-06,08:52:17am,nan,nan,123,214,243,2.09,2.91,Faisal_Town
2021-03-06,09:29:13am,nan,nan,123,214,243,1.47,2.33,Faisal_Town
2021-03-06,09:34:58am,nan,nan,123,214,243,0.96,1.78,Faisal_Town
2021-03-06,10:01:56am,nan,nan,59,96,106,4.27,4.55,Faisal_Town
2021-03-06,10:02:33am,nan,nan,55,86,96,4.35,4.60,Faisal_Town
2021-03-06,10:12:38am,nan,nan,55,86,96,3.42,3.96,Faisal_Town
2021-03-06,10:22:44am,nan,nan,55,86,96,5.73,5.48,Faisal_Town
2021-03-06,10:32:49am,nan,nan,55,86,96,2.89,3.56,Faisal_Town
2021-03-06,10:42:54am,nan,nan,55,86,96,3.10,3.72,Faisal_Town
2021-03-06,10:53:00am,nan,nan,55,86,96,8.66,7.10,Faisal_Town
2021-03-06,11:03:05am,nan,nan,55,86,96,7.15,6.29,Faisal_Town
2021-03-06,11:13:10am,nan,nan,55,86,96,4.58,4.76,Faisal_Town
2021-03-06,11:23:15am,nan,nan,55,86,96,3.39,3.94,Faisal_Town
2021-03-06,11:33:21am,nan,nan,55,86,96,3.27,3.85,Faisal_Town
2021-03-06,11:43:26am,nan,nan,55,86,96,3.78,4.21,Faisal_Town
2021-03-06,11:53:31am,nan,nan,55,86,96,3.13,3.74,Faisal_Town
2021-03-06,12:03:37pm,nan,nan,55,86,96,3.49,4.01,Faisal_Town
2021-03-06,12:13:42pm,nan,nan,55,86,96,2.96,3.62,Faisal_Town
2021-03-06,12:23:47pm,nan,nan,55,86,96,3.91,4.31,Faisal_Town
2021-03-06,12:33:52pm,nan,nan,55,86,96,3.71,4.17,Faisal_Town
2021-03-06,12:43:58pm,nan,nan,55,86,96,3.49,4.01,Faisal_Town
2021-03-06,12:54:03pm,nan,nan,57,90,100,4.58,4.76,Faisal_Town
2021-03-06,01:04:08pm,nan,nan,57,90,100,2.99,3.64,Faisal_Town
2021-03-06,01:54:14pm,nan,nan,57,90,100,4.27,4.55,Faisal_Town
2021-03-06,02:24:28pm,nan,nan,26,38,46,4.02,4.38,Faisal_Town
2021-03-06,02:34:33pm,nan,nan,26,38,46,1.69,2.54,Faisal_Town
2021-03-06,02:44:38pm,nan,nan,26,38,46,2.01,2.83,Faisal_Town
2021-03-06,02:54:44pm,nan,nan,26,38,46,2.18,2.98,Faisal_Town
2021-03-06,03:04:49pm,nan,nan,26,38,46,1.97,2.80,Faisal_Town
2021-03-06,03:14:54pm,nan,nan,26,38,46,1.69,2.54,Faisal_Town
2021-03-06,03:25:00pm,nan,nan,26,38,46,2.04,2.86,Faisal_Town
2021-03-06,03:35:05pm,nan,nan,26,38,46,2.16,2.96,Faisal_Town
2021-03-06,03:45:10pm,nan,nan,26,38,46,3.02,3.66,Faisal_Town
2021-03-06,03:55:15pm,nan,nan,26,38,46,2.94,3.60,Faisal_Town
2021-03-06,04:05:21pm,nan,nan,26,38,46,2.94,3.60,Faisal_Town
2021-03-06,04:22:37pm,nan,nan,28,52,63,5.19,5.14,Faisal_Town
2021-03-06,04:32:42pm,nan,nan,28,52,63,5.32,5.23,Faisal_Town
2021-03-06,04:42:47pm,nan,nan,28,52,63,5.65,5.42,Faisal_Town
2021-03-06,04:52:53pm,nan,nan,28,52,63,4.68,4.82,Faisal_Town
2021-03-06,05:02:59pm,nan,nan,28,52,63,5.50,5.34,Faisal_Town
2021-03-06,05:13:03pm,nan,nan,28,52,63,5.19,5.14,Faisal_Town
2021-03-06,05:23:09pm,nan,nan,28,52,63,3.84,4.26,Faisal_Town
2021-03-06,06:03:31pm,nan,nan,28,52,63,2.72,3.43,Faisal_Town
2021-03-06,06:03:31pm,nan,nan,28,52,63,2.87,3.55,Faisal_Town
2021-03-06,06:13:51pm,nan,nan,28,52,63,3.84,4.26,Faisal_Town
2021-03-06,06:56:02pm,nan,nan,40,63,74,4.83,4.91,Faisal_Town
2021-03-06,07:07:53pm,nan,nan,40,63,74,4.99,5.02,Faisal_Town
2021-03-06,07:17:04pm,nan,nan,40,63,74,8.74,7.13,Faisal_Town
2021-03-06,07:26:22pm,nan,nan,40,63,74,5.24,5.17,Faisal_Town
2021-03-06,07:36:21pm,nan,nan,40,63,74,7.64,6.55,Faisal_Town
2021-03-06,07:58:31pm,nan,nan,40,63,74,5.68,5.44,Faisal_Town
2021-03-06,07:58:31pm,nan,nan,40,63,74,5.82,5.52,Faisal_Town
2021-03-06,08:18:35pm,nan,nan,40,63,74,9.68,7.61,Faisal_Town
2021-03-06,08:37:51pm,nan,nan,40,63,74,8.14,6.82,Faisal_Town
2021-03-06,09:38:39pm,nan,nan,59,99,99,27.30,14.59,Faisal_Town

2021-03-06,03:35:05pm,nan,nan,26,38,46,2.16,2.96,Faisal_Town
2021-03-06,03:45:10pm,nan,nan,26,38,46,3.02,3.66,Faisal_Town
2021-03-06,03:55:15pm,nan,nan,26,38,46,2.94,3.60,Faisal_Town
2021-03-06,04:05:21pm,nan,nan,26,38,46,2.94,3.60,Faisal_Town
2021-03-06,04:22:37pm,nan,nan,28,52,63,5.19,5.14,Faisal_Town
2021-03-06,04:32:42pm,nan,nan,28,52,63,5.32,5.23,Faisal_Town
2021-03-06,04:42:47pm,nan,nan,28,52,63,5.65,5.42,Faisal_Town
2021-03-06,04:52:53pm,nan,nan,28,52,63,4.68,4.82,Faisal_Town
2021-03-06,05:02:59pm,nan,nan,28,52,63,5.50,5.34,Faisal_Town
2021-03-06,05:13:03pm,nan,nan,28,52,63,5.19,5.14,Faisal_Town
2021-03-06,05:23:09pm,nan,nan,28,52,63,3.84,4.26,Faisal_Town
2021-03-06,06:03:31pm,nan,nan,28,52,63,2.72,3.43,Faisal_Town
2021-03-06,06:03:31pm,nan,nan,28,52,63,2.87,3.55,Faisal_Town
2021-03-06,06:13:51pm,nan,nan,28,52,63,3.84,4.26,Faisal_Town
2021-03-06,06:56:02pm,nan,nan,40,63,74,4.83,4.91,Faisal_Town
2021-03-06,07:07:53pm,nan,nan,40,63,74,4.99,5.02,Faisal_Town
2021-03-06,07:17:04pm,nan,nan,40,63,74,8.74,7.13,Faisal_Town
2021-03-06,07:26:22pm,nan,nan,40,63,74,5.24,5.17,Faisal_Town
2021-03-06,07:36:21pm,nan,nan,40,63,74,7.64,6.55,Faisal_Town
2021-03-06,07:58:31pm,nan,nan,40,63,74,5.68,5.44,Faisal_Town
2021-03-06,07:58:31pm,nan,nan,40,63,74,5.82,5.52,Faisal_Town
2021-03-06,08:18:35pm,nan,nan,40,63,74,9.68,7.61,Faisal_Town
2021-03-06,08:37:51pm,nan,nan,40,63,74,8.14,6.82,Faisal_Town
2021-03-06,09:38:39pm,nan,nan,59,99,99,27.30,14.59,Faisal_Town
2021-03-16,07:36:12pm,nan,nan,33,48,57,2604.34,255.61,Faisal_Town
2021-03-16,07:46:18pm,nan,nan,33,48,57,22.33,12.86,Faisal_Town
2021-03-16,07:56:23pm,nan,nan,33,48,57,47.18,20.58,Faisal_Town
2021-03-16,08:06:28pm,nan,nan,33,48,57,48.70,20.99,Faisal_Town
2021-03-16,08:16:34pm,nan,nan,33,48,57,60.68,24.10,Faisal_Town
2021-03-16,08:26:39pm,nan,nan,33,48,57,86.15,30.04,Faisal_Town
2021-03-16,08:46:44pm,nan,nan,33,48,57,95.28,32.00,Faisal_Town
2021-03-16,08:56:50pm,nan,nan,33,48,57,106.99,34.41,Faisal_Town
2021-03-16,09:06:55pm,nan,nan,33,48,57,102.94,33.59,Faisal_Town
2021-03-16,09:08:02pm,nan,nan,43,66,78,5.92,5.59,Faisal_Town
2021-03-16,09:18:07pm,nan,nan,43,66,78,3.32,3.88,Faisal_Town
2021-03-16,09:28:12pm,nan,nan,43,66,78,4.85,4.93,Faisal_Town
2021-03-16,09:38:18pm,nan,nan,43,66,78,6.40,5.87,Faisal_Town
2021-03-16,09:48:23pm,nan,nan,43,66,78,6.80,6.10,Faisal_Town
2021-03-16,09:58:28pm,nan,nan,43,66,78,7.87,6.68,Faisal_Town
2021-03-16,10:08:33pm,nan,nan,43,66,78,8.31,6.91,Faisal_Town
2021-03-16,10:18:39pm,nan,nan,43,66,78,9.40,7.47,Faisal_Town
2021-03-16,10:28:44pm,nan,nan,43,66,78,8.70,7.12,Faisal_Town
2021-03-16,10:38:49pm,nan,nan,43,66,78,8.70,7.12,Faisal_Town
2021-03-16,10:58:55pm,nan,nan,43,66,78,7.58,6.52,Faisal_Town
2021-03-16,11:09:00pm,nan,nan,43,66,78,9.62,7.58,Faisal_Town
2021-03-16,11:19:05pm,nan,nan,43,66,78,8.18,6.85,Faisal_Town
2021-03-16,11:29:10pm,nan,nan,43,66,78,6.80,6.10,Faisal_Town
2021-03-16,11:39:16pm,nan,nan,43,66,78,6.70,6.04,Faisal_Town
2021-03-16,11:49:21pm,nan,nan,43,66,78,6.25,5.78,Faisal_Town
2021-03-16,11:59:26pm,nan,nan,43,67,78,6.45,5.89,Faisal_Town
2021-03-17,12:09:32am,nan,nan,43,67,78,4.77,4.88,Faisal_Town
2021-03-17,12:19:37am,nan,nan,43,67,78,4.56,4.74,Faisal_Town
2021-03-17,12:29:42am,nan,nan,43,67,78,4.88,4.95,Faisal_Town
2021-03-17,12:39:47am,nan,nan,43,67,78,3.37,3.92,Faisal_Town
2021-03-17,12:49:53am,nan,nan,43,67,78,3.64,4.12,Faisal_Town
2021-03-17,12:59:58am,nan,nan,43,67,78,3.61,4.10,Faisal_Town
2021-03-17,01:10:03am,nan,nan,43,67,78,4.28,4.56,Faisal_Town
2021-03-17,01:20:08am,nan,nan,43,67,78,4.03,4.39,Faisal_Town
2021-03-17,01:30:22am,nan,nan,112,182,200,3.96,4.34,Faisal_Town
2021-03-17,01:40:27am,nan,nan,112,182,200,3.58,4.07,Faisal_Town
2021-03-17,01:50:32am,nan,nan,112,182,200,3.90,4.30,Faisal_Town
2021-03-17,02:00:38am,nan,nan,112,182,200,2.94,3.60,Faisal_Town
2021-03-17,02:10:43am,nan,nan,112,182,200,2.90,3.57,Faisal_Town
2021-03-17,02:20:48am,nan,nan,112,182,200,2.81,3.50,Faisal_Town
2021-03-17,02:30:53am,nan,nan,112,182,200,3.01,3.65,Faisal_Town
2021-03-17,02:40:59am,nan,nan,112,182,200,2.76,3.46,Faisal_Town
2021-03-17,02:51:04am,nan,nan,112,182,200,3.13,3.75,Faisal_Town
2021-03-17,03:01:09am,nan,nan,112,182,200,4.42,4.65,Faisal_Town
2021-03-17,03:11:14am,nan,nan,112,182,200,4.31,4.58,Faisal_Town
2021-03-17,03:21:20am,nan,nan,112,182,200,4.22,4.51,Faisal_Town
2021-03-17,03:31:25am,nan,nan,112,182,200,4.28,4.56,Faisal_Town
2021-03-17,03:41:30am,nan,nan,112,182,200,3.13,3.75,Faisal_Town
2021-03-17,03:51:36am,nan,nan,112,182,200,3.11,3.73,Faisal_Town
2021-03-17,04:01:41am,nan,nan,112,182,200,2.34,3.12,Faisal_Town
2021-03-17,04:11:46am,nan,nan,112,182,200,2.04,2.86,Faisal_Town
2021-03-17,04:21:51am,nan,nan,113,183,201,1.77,2.62,Faisal_Town
2021-03-17,04:31:57am,nan,nan,113,183,201,1.42,2.28,Faisal_Town
2021-03-17,04:42:02am,nan,nan,113,183,201,1.30,2.16,Faisal_Town
2021-03-17,04:52:07am,nan,nan,113,183,201,1.20,2.05,Faisal_Town
2021-03-17,05:02:12am,nan,nan,113,183,201,0.99,1.82,Faisal_Town
2021-03-17,05:12:18am,nan,nan,113,183,201,0.86,1.66,Faisal_Town
2021-03-17,05:22:23am,nan,nan,113,183,201,0.84,1.64,Faisal_Town
2021-03-17,05:32:28am,nan,nan,113,183,201,0.99,1.82,Faisal_Town
2021-03-17,05:42:33am,nan,nan,113,183,201,0.83,1.63,Faisal_Town
2021-03-17,05:52:47am,nan,nan,120,214,242,3.90,4.30,Faisal_Town
2021-03-17,06:02:52am,nan,nan,120,214,242,5.61,5.40,Faisal_Town
2021-03-17,06:12:57am,nan,nan,120,214,242,4.78,4.89,Faisal_Town
2021-03-17,06:23:03am,nan,nan,120,214,242,5.79,5.51,Faisal_Town
2021-03-17,06:33:08am,nan,nan,120,214,242,5.29,5.20,Faisal_Town
2021-03-17,06:43:13am,nan,nan,120,214,242,5.33,5.23,Faisal_Town
2021-03-17,06:53:18am,nan,nan,120,214,242,6.61,5.99,Faisal_Town
2021-03-17,07:13:24am,nan,nan,120,214,242,9.69,7.61,Faisal_Town
2021-03-17,07:23:29am,nan,nan,120,214,242,10.09,7.81,Faisal_Town
2021-03-17,07:33:34am,nan,nan,120,214,242,8.45,6.98,Faisal_Town
2021-03-17,07:43:40am,nan,nan,120,214,242,5.84,5.54,Faisal_Town
2021-03-17,07:53:45am,nan,nan,120,214,242,5.99,5.63,Faisal_Town
2021-03-17,08:03:50am,nan,nan,120,214,242,6.78,6.08,Faisal_Town
2021-03-17,08:23:56am,nan,nan,120,214,242,15.49,10.22,Faisal_Town
2021-03-17,08:44:01am,nan,nan,120,214,242,14.20,9.68,Faisal_Town
2021-03-17,08:54:06am,nan,nan,120,214,242,14.43,9.78,Faisal_Town
2021-03-17,09:04:12am,nan,nan,120,214,242,9.46,7.50,Faisal_Town
2021-03-17,09:14:17am,nan,nan,120,214,242,7.18,6.31,Faisal_Town
2021-03-17,09:44:23am,nan,nan,120,214,242,7.98,6.74,Faisal_Town
2021-03-17,01:04:40pm,nan,nan,33,53,69,3.90,4.30,Faisal_Town
2021-03-17,01:14:45pm,nan,nan,33,53,69,3.02,3.66,Faisal_Town
2021-03-17,01:24:51pm,nan,nan,33,53,69,1.97,2.80,Faisal_Town
2021-03-17,01:34:56pm,nan,nan,33,53,69,2.52,3.27,Faisal_Town
2021-03-17,01:45:01pm,nan,nan,33,53,69,2.97,3.62,Faisal_Town
2021-03-17,01:55:07pm,nan,nan,33,53,69,2.30,3.09,Faisal_Town
2021-03-17,02:05:12pm,nan,nan,33,53,69,2.84,3.52,Faisal_Town
2021-03-17,04:15:19pm,nan,nan,33,53,69,7.38,6.41,Faisal_Town
2021-03-17,04:22:39pm,nan,nan,31,50,68,4.42,4.65,Faisal_Town
2021-03-17,04:32:44pm,nan,nan,31,50,68,3.87,4.28,Faisal_Town
2021-03-17,04:42:49pm,nan,nan,31,50,68,3.68,4.14,Faisal_Town
2021-03-17,04:52:54pm,nan,nan,31,50,68,4.45,4.67,Faisal_Town
2021-03-17,05:23:05pm,nan,nan,31,50,68,3.35,3.91,Faisal_Town
2021-03-17,05:33:10pm,nan,nan,31,50,68,5.65,5.43,Faisal_Town
2021-03-17,06:32:16pm,nan,nan,30,48,64,18.20,11.31,Faisal_Town
2021-03-17,07:42:22pm,nan,nan,30,48,64,37.78,17.90,Faisal_Town
2021-03-17,08:11:37pm,nan,nan,54,89,101,4.63,4.79,Faisal_Town
2021-03-17,08:21:42pm,nan,nan,54,89,101,4.74,4.86,Faisal_Town
2021-03-17,08:31:48pm,nan,nan,54,89,101,4.05,4.40,Faisal_Town
2021-03-17,08:41:53pm,nan,nan,54,89,101,5.12,5.10,Faisal_Town
2021-03-17,08:51:58pm,nan,nan,54,89,101,3.90,4.30,Faisal_Town
2021-03-17,09:02:04pm,nan,nan,54,89,101,4.32,4.58,Faisal_Town
2021-03-17,09:12:09pm,nan,nan,54,89,101,5.57,5.38,Faisal_Town
2021-03-17,09:22:14pm,nan,nan,54,89,101,5.49,5.33,Faisal_Town
2021-03-17,09:32:19pm,nan,nan,54,89,101,5.75,5.49,Faisal_Town
2021-03-17,09:42:25pm,nan,nan,54,89,101,5.24,5.17,Faisal_Town
2021-03-17,09:52:30pm,nan,nan,54,89,101,4.35,4.60,Faisal_Town
2021-03-17,10:02:35pm,nan,nan,54,89,101,4.05,4.40,Faisal_Town
2021-03-17,10:12:41pm,nan,nan,54,89,101,5.45,5.30,Faisal_Town
2021-03-17,10:22:46pm,nan,nan,54,89,101,5.45,5.30,Faisal_Town
2021-03-17,10:32:51pm,nan,nan,54,89,101,7.03,6.22,Faisal_Town
2021-03-17,10:42:57pm,nan,nan,54,89,101,9.20,7.37,Faisal_Town
2021-03-17,10:53:02pm,nan,nan,54,89,101,13.53,9.39,Faisal_Town
2021-03-18,01:53:11am,nan,nan,1515,49684,77,5.84,5.54,Faisal_Town
2021-03-18,02:03:16am,nan,nan,1515,49684,77,5.28,5.20,Faisal_Town
2021-03-18,02:13:22am,nan,nan,1515,49684,77,4.70,4.83,Faisal_Town
2021-03-18,02:23:27am,nan,nan,1515,49684,77,4.49,4.69,Faisal_Town
2021-03-18,02:33:32am,nan,nan,1515,49684,77,4.35,4.60,Faisal_Town
2021-03-18,02:43:37am,nan,nan,1515,49684,77,5.24,5.17,Faisal_Town
2021-03-18,02:53:43am,nan,nan,1515,49684,77,5.79,5.51,Faisal_Town
2021-03-18,03:03:48am,nan,nan,1515,49684,77,4.22,4.51,Faisal_Town
2021-03-18,03:13:53am,nan,nan,1515,49684,77,3.72,4.17,Faisal_Town
2021-03-18,03:24:07am,nan,nan,114,201,223,3.90,4.30,Faisal_Town
2021-03-18,03:34:12am,nan,nan,114,201,223,3.84,4.26,Faisal_Town
2021-03-18,03:44:17am,nan,nan,114,201,223,3.03,3.67,Faisal_Town
2021-03-18,03:54:23am,nan,nan,114,201,223,2.67,3.39,Faisal_Town
2021-03-18,04:04:28am,nan,nan,114,201,223,2.67,3.39,Faisal_Town
2021-03-18,04:14:33am,nan,nan,114,201,223,2.73,3.44,Faisal_Town
2021-03-18,04:24:38am,nan,nan,114,201,223,2.27,3.06,Faisal_Town
2021-03-18,04:34:44am,nan,nan,114,201,223,2.25,3.04,Faisal_Town
2021-03-18,04:44:49am,nan,nan,114,201,223,2.18,2.98,Faisal_Town
2021-03-18,04:54:54am,nan,nan,114,201,223,2.11,2.92,Faisal_Town
2021-03-18,05:05:00am,nan,nan,114,201,223,1.72,2.57,Faisal_Town
2021-03-18,05:15:05am,nan,nan,114,201,223,2.06,2.88,Faisal_Town
2021-03-18,05:25:10am,nan,nan,114,201,223,2.48,3.24,Faisal_Town
2021-03-18,05:35:15am,nan,nan,114,201,223,4.29,4.56,Faisal_Town
2021-03-18,05:45:21am,nan,nan,114,201,223,4.16,4.47,Faisal_Town
2021-03-18,05:55:26am,nan,nan,114,201,223,3.90,4.30,Faisal_Town
2021-03-18,06:05:31am,nan,nan,114,201,223,3.87,4.28,Faisal_Town
2021-03-18,06:15:37am,nan,nan,114,201,223,3.20,3.80,Faisal_Town
2021-03-18,06:25:42am,nan,nan,114,201,223,3.23,3.82,Faisal_Town
2021-03-18,06:35:47am,nan,nan,114,201,223,2.44,3.20,Faisal_Town
2021-03-18,06:45:52am,nan,nan,114,201,223,2.84,3.52,Faisal_Town
2021-03-18,06:55:58am,nan,nan,114,201,223,2.93,3.60,Faisal_Town
2021-03-18,07:06:03am,nan,nan,114,201,223,2.29,3.08,Faisal_Town
2021-03-18,07:16:08am,nan,nan,114,201,223,2.84,3.52,Faisal_Town
2021-03-18,07:26:14am,nan,nan,114,201,223,2.36,3.14,Faisal_Town
2021-03-18,07:36:19am,nan,nan,114,201,223,3.36,3.91,Faisal_Town
2021-03-18,07:46:24am,nan,nan,509,59403,1,4.86,4.94,Faisal_Town
2021-03-18,07:56:30am,nan,nan,509,59403,1,3.66,4.13,Faisal_Town
2021-03-18,08:06:35am,nan,nan,509,59403,1,2.69,3.40,Faisal_Town
2021-03-18,08:16:40am,nan,nan,509,59403,1,2.33,3.11,Faisal_Town
2021-03-18,08:26:45am,nan,nan,509,59403,1,1.74,2.59,Faisal_Town
2021-03-18,08:36:51am,nan,nan,509,59403,1,1.55,2.40,Faisal_Town
2021-03-18,08:46:56am,nan,nan,509,59403,1,2.48,3.24,Faisal_Town
2021-03-18,08:57:01am,nan,nan,509,59403,1,2.16,2.97,Faisal_Town
2021-03-18,09:07:07am,nan,nan,509,59403,1,3.72,4.17,Faisal_Town
2021-03-18,09:17:12am,nan,nan,509,59403,1,2.73,3.44,Faisal_Town
2021-03-18,09:27:17am,nan,nan,509,59403,1,2.46,3.22,Faisal_Town
2021-03-18,09:37:22am,nan,nan,509,59403,1,1.40,2.26,Faisal_Town
2021-03-18,09:47:28am,nan,nan,509,59403,1,2.13,2.94,Faisal_Town
2021-03-18,09:57:33am,nan,nan,509,59403,1,1.60,2.45,Faisal_Town
2021-03-18,10:07:38am,nan,nan,509,59403,1,1.32,2.18,Faisal_Town
2021-03-18,10:17:43am,nan,nan,509,59403,1,1.30,2.15,Faisal_Town
2021-03-18,10:37:57am,nan,nan,60,101,116,3.90,4.30,Faisal_Town
2021-03-18,10:48:02am,nan,nan,60,101,116,4.84,4.92,Faisal_Town
2021-03-18,10:56:18am,nan,nan,52,87,99,4.26,4.54,Faisal_Town
2021-03-18,11:06:24am,nan,nan,52,87,99,4.64,4.80,Faisal_Town
2021-03-18,11:16:29am,nan,nan,52,87,99,4.76,4.87,Faisal_Town
2021-03-18,11:26:34am,nan,nan,52,87,99,4.68,4.82,Faisal_Town
2021-03-18,11:36:39am,nan,nan,52,87,99,3.38,3.93,Faisal_Town
2021-03-18,11:46:45am,nan,nan,52,87,99,2.93,3.59,Faisal_Town
2021-03-18,11:56:50am,nan,nan,52,87,99,4.68,4.82,Faisal_Town
2021-03-18,12:06:55pm,nan,nan,52,87,99,2.91,3.57,Faisal_Town
2021-03-18,12:17:00pm,nan,nan,52,87,99,3.83,4.25,Faisal_Town
2021-03-18,12:27:06pm,nan,nan,52,87,99,2.99,3.63,Faisal_Town
2021-03-18,12:47:11pm,nan,nan,52,87,99,2.96,3.61,Faisal_Town
2021-03-18,01:07:17pm,nan,nan,52,87,99,2.78,3.47,Faisal_Town
2021-03-18,01:27:22pm,nan,nan,52,87,99,1.63,2.49,Faisal_Town
2021-03-18,01:57:28pm,nan,nan,53,91,103,1.55,2.41,Faisal_Town
2021-03-18,02:07:33pm,nan,nan,53,91,103,1.41,2.27,Faisal_Town
2021-03-18,02:27:39pm,nan,nan,53,91,103,3.27,3.84,Faisal_Town
2021-03-18,03:17:53pm,nan,nan,23,40,55,3.91,4.30,Faisal_Town
2021-03-18,03:27:58pm,nan,nan,23,40,55,5.67,5.44,Faisal_Town
2021-03-18,03:38:04pm,nan,nan,23,40,55,4.26,4.54,Faisal_Town
2021-03-18,03:48:09pm,nan,nan,23,40,55,4.79,4.89,Faisal_Town
2021-03-18,03:58:14pm,nan,nan,23,40,55,5.49,5.33,Faisal_Town
2021-03-18,04:08:20pm,nan,nan,23,40,55,3.84,4.26,Faisal_Town
2021-03-18,04:18:25pm,nan,nan,23,40,55,4.11,4.44,Faisal_Town
2021-03-18,04:28:30pm,nan,nan,23,40,55,5.49,5.33,Faisal_Town
2021-03-18,04:38:36pm,nan,nan,23,40,55,2.96,3.61,Faisal_Town
2021-03-18,04:48:41pm,nan,nan,23,40,55,3.74,4.19,Faisal_Town
2021-03-18,04:58:46pm,nan,nan,23,40,55,3.68,4.14,Faisal_Town
2021-03-18,05:08:51pm,nan,nan,23,40,55,6.54,5.94,Faisal_Town
2021-03-18,05:18:57pm,nan,nan,23,40,55,8.43,6.98,Faisal_Town
2021-03-18,05:29:02pm,nan,nan,23,40,55,9.29,7.42,Faisal_Town
2021-03-18,05:39:07pm,nan,nan,23,40,55,10.75,8.13,Faisal_Town
2021-03-18,05:49:12pm,nan,nan,23,40,55,17.04,10.86,Faisal_Town
2021-03-18,05:59:18pm,nan,nan,23,40,55,16.39,10.59,Faisal_Town
2021-03-18,06:09:23pm,nan,nan,23,40,56,17.87,11.18,Faisal_Town
2021-03-18,06:19:28pm,nan,nan,23,40,56,19.18,11.69,Faisal_Town
2021-03-18,06:29:33pm,nan,nan,23,40,56,17.87,11.18,Faisal_Town
2021-03-18,06:39:39pm,nan,nan,23,40,56,25.60,14.01,Faisal_Town
2021-03-18,06:49:44pm,nan,nan,23,40,56,28.53,15.00,Faisal_Town
2021-03-18,06:59:49pm,nan,nan,23,40,56,20.58,12.22,Faisal_Town
2021-03-18,07:09:54pm,nan,nan,23,40,56,25.20,13.88,Faisal_Town
2021-03-18,07:30:00pm,nan,nan,23,40,56,26.61,14.36,Faisal_Town
2021-03-18,07:40:06pm,nan,nan,17101,7200,66,21.90,12.71,Faisal_Town
2021-03-18,07:50:11pm,nan,nan,17101,7200,66,20.58,12.22,Faisal_Town
2021-03-18,08:00:16pm,nan,nan,17101,7200,66,23.50,13.28,Faisal_Town
2021-03-18,08:10:21pm,nan,nan,17101,7200,66,22.60,12.96,Faisal_Town
2021-03-18,08:20:27pm,nan,nan,17101,7200,66,22.77,13.02,Faisal_Town
2021-03-18,08:30:34pm,nan,nan,17101,7200,66,25.60,14.01,Faisal_Town
2021-03-18,08:40:40pm,nan,nan,17101,7200,66,30.12,15.52,Faisal_Town
2021-03-18,08:58:46pm,nan,nan,17101,7200,66,21.23,12.46,Faisal_Town
2021-03-18,09:34:47pm,nan,nan,17101,7200,66,37.69,17.87,Faisal_Town
2021-03-18,10:31:49pm,nan,nan,17101,7200,66,39.48,18.40,Faisal_Town
2021-03-18,10:52:07pm,nan,nan,17101,7200,66,40.40,18.67,Faisal_Town
2021-03-18,11:02:25pm,nan,nan,17101,7200,66,33.31,16.54,Faisal_Town
2021-03-18,11:43:32pm,nan,nan,17101,7200,66,34.89,17.02,Faisal_Town
2021-03-18,12:11:14am,nan,nan,115,191,215,5.64,5.42,Faisal_Town
2021-03-19,12:50:06am,nan,nan,115,191,215,4.87,4.94,Faisal_Town
2021-03-19,01:41:57am,nan,nan,115,191,215,1.59,2.44,Faisal_Town
2021-03-19,02:07:52am,nan,nan,115,191,215,2.25,3.05,Faisal_Town
2021-03-19,02:39:15am,nan,nan,115,191,216,2.68,3.39,Faisal_Town
2021-03-19,03:25:11am,nan,nan,115,191,216,1.71,2.56,Faisal_Town
2021-03-19,03:25:13am,nan,nan,115,191,216,1.79,2.64,Faisal_Town
2021-03-19,03:38:57am,nan,nan,115,191,216,1.60,2.46,Faisal_Town
2021-03-19,04:00:27am,nan,nan,115,191,216,2.03,2.86,Faisal_Town
2021-03-19,04:22:33am,nan,nan,103,186,213,4.30,4.57,Faisal_Town
2021-03-19,04:40:51am,nan,nan,103,186,213,9.19,7.36,Faisal_Town
2021-03-19,04:50:17am,nan,nan,103,186,213,3.76,4.20,Faisal_Town
2021-03-19,05:20:46am,nan,nan,103,186,213,3.36,3.91,Faisal_Town
2021-03-19,05:32:08am,nan,nan,103,186,213,2.29,3.08,Faisal_Town
2021-03-19,05:52:24am,nan,nan,103,186,213,2.41,3.18,Faisal_Town
2021-03-19,06:22:04am,nan,nan,103,186,213,3.50,4.01,Faisal_Town
2021-03-19,06:48:45am,nan,nan,103,186,213,2.33,3.11,Faisal_Town
2021-03-19,08:35:57am,nan,nan,65520,29,255,2.29,3.08,Faisal_Town
2021-03-19,08:36:17am,nan,nan,103,187,216,4.51,4.71,Faisal_Town
2021-03-19,08:42:18am,nan,nan,65520,29,255,2.77,3.46,Faisal_Town
2021-03-19,09:12:24am,nan,nan,65520,29,255,1.40,2.26,Faisal_Town
2021-03-19,09:38:46am,nan,nan,65520,29,255,1.63,2.49,Faisal_Town
2021-03-19,09:42:50am,nan,nan,65520,29,255,1.32,2.18,Faisal_Town
2021-03-19,10:28:43am,nan,nan,65520,29,255,1.28,2.13,Faisal_Town
2021-03-19,11:06:52am,nan,nan,65520,29,255,1.55,2.41,Faisal_Town
2021-03-19,12:27:43pm,nan,nan,46,77,89,2.87,3.54,Faisal_Town
2021-03-19,12:38:57pm,nan,nan,46,77,89,3.44,3.97,Faisal_Town
2021-03-19,12:51:53pm,nan,nan,46,77,89,2.59,3.33,Faisal_Town
2021-03-19,12:55:11pm,nan,nan,46,77,89,2.30,3.09,Faisal_Town
2021-03-19,01:25:05pm,nan,nan,46,77,89,2.26,3.05,Faisal_Town
2021-03-19,01:54:45pm,nan,nan,46,77,89,1.21,2.06,Faisal_Town
2021-03-19,02:04:50pm,nan,nan,47,76,90,1.25,2.11,Faisal_Town
2021-03-19,04:35:45pm,nan,nan,18,31,36,4.22,4.52,Faisal_Town
2021-03-19,04:45:50pm,nan,nan,18,31,36,4.19,4.49,Faisal_Town
2021-03-19,04:55:56pm,nan,nan,18,31,36,4.68,4.82,Faisal_Town
2021-03-19,05:06:01pm,nan,nan,18,31,36,5.64,5.42,Faisal_Town
2021-03-19,05:16:06pm,nan,nan,18,31,36,5.84,5.54,Faisal_Town
2021-03-19,05:26:11pm,nan,nan,18,31,36,5.41,5.28,Faisal_Town
2021-03-19,05:36:17pm,nan,nan,18,31,36,8.34,6.93,Faisal_Town
2021-03-19,05:46:22pm,nan,nan,18,31,36,14.23,9.69,Faisal_Town
2021-03-19,05:56:27pm,nan,nan,18,31,36,23.02,13.11,Faisal_Town
2021-03-19,06:06:33pm,nan,nan,18,31,36,19.68,11.88,Faisal_Town
2021-03-19,06:16:38pm,nan,nan,18,31,36,19.53,11.82,Faisal_Town
2021-03-19,06:26:43pm,nan,nan,18,31,36,26.91,14.46,Faisal_Town
2021-03-19,06:36:49pm,nan,nan,18,31,36,39.35,18.36,Faisal_Town
2021-03-19,06:46:54pm,nan,nan,18,31,36,32.43,16.26,Faisal_Town
2021-03-19,06:57:00pm,nan,nan,18,31,36,30.95,15.79,Faisal_Town
2021-03-19,07:07:05pm,nan,nan,18,31,36,33.45,16.58,Faisal_Town
2021-03-19,07:17:11pm,nan,nan,18,31,36,30.72,15.71,Faisal_Town
2021-03-19,07:27:16pm,nan,nan,18,31,36,28.86,15.11,Faisal_Town
2021-03-19,07:37:21pm,nan,nan,18,31,36,44.18,19.74,Faisal_Town
2021-03-19,07:47:26pm,nan,nan,18,31,36,45.56,20.13,Faisal_Town
2021-03-19,07:57:32pm,nan,nan,18,31,36,52.34,21.96,Faisal_Town
2021-03-19,08:07:37pm,nan,nan,18,31,36,45.21,20.03,Faisal_Town
2021-03-19,08:17:42pm,nan,nan,18,31,36,44.18,19.74,Faisal_Town
2021-03-19,08:27:48pm,nan,nan,18,31,36,46.99,20.52,Faisal_Town
2021-03-19,08:37:53pm,nan,nan,18,31,36,45.56,20.13,Faisal_Town
2021-03-19,08:47:58pm,nan,nan,18,31,36,47.72,20.72,Faisal_Town
2021-03-19,08:58:12pm,nan,nan,52,85,99,3.99,4.36,Faisal_Town
2021-03-19,09:08:17pm,nan,nan,52,85,99,5.73,5.47,Faisal_Town
2021-03-19,09:18:22pm,nan,nan,52,85,99,6.33,5.83,Faisal_Town
2021-03-19,09:28:28pm,nan,nan,52,85,99,6.53,5.94,Faisal_Town
2021-03-19,09:38:33pm,nan,nan,52,85,99,7.05,6.24,Faisal_Town
2021-03-19,09:58:43pm,nan,nan,52,85,99,8.75,7.14,Faisal_Town
2021-03-19,10:08:49pm,nan,nan,52,85,99,7.62,6.54,Faisal_Town
2021-03-19,10:18:54pm,nan,nan,52,85,99,7.85,6.67,Faisal_Town
2021-03-19,10:28:59pm,nan,nan,52,85,99,8.62,7.07,Faisal_Town
2021-03-19,10:39:05pm,nan,nan,52,85,99,6.53,5.94,Faisal_Town
2021-03-19,10:49:10pm,nan,nan,52,85,99,7.16,6.30,Faisal_Town
2021-03-19,10:59:15pm,nan,nan,52,85,99,6.23,5.77,Faisal_Town
2021-03-19,11:09:21pm,nan,nan,52,85,99,6.33,5.83,Faisal_Town
2021-03-19,11:19:26pm,nan,nan,52,85,99,4.84,4.92,Faisal_Town
2021-03-19,11:29:32pm,nan,nan,52,85,99,4.02,4.38,Faisal_Town
2021-03-19,11:39:37pm,nan,nan,52,85,99,3.52,4.03,Faisal_Town
2021-03-19,11:49:43pm,nan,nan,52,85,99,2.43,3.19,Faisal_Town
2021-03-20,12:00:53am,nan,nan,52,85,99,2.08,2.90,Faisal_Town
2021-03-20,12:29:29am,nan,nan,52,85,99,1.60,2.46,Faisal_Town
2021-03-20,12:36:20am,nan,nan,52,85,99,1.75,2.60,Faisal_Town
2021-03-20,01:02:18am,nan,nan,52,85,99,2.05,2.87,Faisal_Town
2021-03-20,01:02:18am,nan,nan,52,85,99,1.83,2.68,Faisal_Town
2021-03-20,01:11:57am,nan,nan,52,85,99,1.35,2.21,Faisal_Town
2021-03-20,01:40:12am,nan,nan,58,92,98,4.45,4.67,Faisal_Town
2021-03-20,01:41:34am,nan,nan,58,92,98,4.11,4.44,Faisal_Town
2021-03-20,02:22:37am,nan,nan,58,92,98,2.54,3.28,Faisal_Town
2021-03-20,02:34:10am,nan,nan,58,92,98,2.56,3.30,Faisal_Town
2021-03-20,03:37:03am,nan,nan,58,92,98,2.36,3.13,Faisal_Town
2021-03-20,04:25:24am,nan,nan,58,92,98,2.87,3.54,Faisal_Town
2021-03-20,04:45:17am,nan,nan,59,93,99,3.48,4.00,Faisal_Town
2021-03-20,04:53:49am,nan,nan,59,93,99,5.13,5.11,Faisal_Town
2021-03-20,05:54:14am,nan,nan,59,93,99,3.51,4.02,Faisal_Town
2021-03-20,06:20:05am,nan,nan,86,158,179,4.90,4.96,Faisal_Town
2021-03-20,06:21:30am,nan,nan,86,158,179,1.70,2.55,Faisal_Town
2021-03-20,06:45:11am,nan,nan,86,158,179,1.35,2.20,Faisal_Town
2021-03-20,06:54:28am,nan,nan,86,158,179,1.90,2.73,Faisal_Town
2021-03-20,07:57:16am,nan,nan,86,158,179,2.54,3.29,Faisal_Town
2021-03-20,08:12:58am,nan,nan,86,158,179,4.42,4.65,Faisal_Town
2021-03-20,08:12:58am,nan,nan,86,158,179,2.22,3.01,Faisal_Town
2021-03-20,08:51:44am,nan,nan,86,158,179,2.22,3.01,Faisal_Town
2021-03-20,09:18:29am,nan,nan,86,158,179,2.83,3.51,Faisal_Town
2021-03-20,10:15:57am,nan,nan,67,131,175,3.46,3.98,Faisal_Town
2021-03-20,10:25:38am,nan,nan,67,131,175,3.66,4.13,Faisal_Town
2021-03-20,11:07:54am,nan,nan,67,131,175,6.22,5.76,Faisal_Town
2021-03-20,11:26:47am,nan,nan,67,131,175,3.57,4.07,Faisal_Town
2021-03-20,11:46:28am,nan,nan,67,131,175,2.79,3.48,Faisal_Town
2021-03-20,12:06:28pm,nan,nan,67,131,175,3.46,3.98,Faisal_Town
2021-03-20,12:16:33pm,nan,nan,67,131,175,4.17,4.48,Faisal_Town
2021-03-20,12:26:39pm,nan,nan,67,131,175,2.77,3.46,Faisal_Town
2021-03-20,12:36:44pm,nan,nan,67,131,175,2.81,3.50,Faisal_Town
2021-03-20,12:46:50pm,nan,nan,67,131,175,2.67,3.39,Faisal_Town
2021-03-20,12:56:55pm,nan,nan,67,132,177,3.66,4.13,Faisal_Town
2021-03-20,01:07:01pm,nan,nan,67,132,177,2.79,3.48,Faisal_Town
2021-03-20,01:17:06pm,nan,nan,67,132,177,2.57,3.30,Faisal_Town
2021-03-20,01:27:11pm,nan,nan,67,132,177,2.26,3.05,Faisal_Town
2021-03-20,01:37:17pm,nan,nan,67,132,177,2.28,3.07,Faisal_Town
2021-03-20,01:47:23pm,nan,nan,67,132,177,2.22,3.02,Faisal_Town
2021-03-20,01:57:28pm,nan,nan,67,132,177,3.29,3.86,Faisal_Town
2021-03-20,02:07:47pm,nan,nan,67,132,177,2.67,3.39,Faisal_Town
2021-03-20,02:21:53pm,nan,nan,67,132,177,4.20,4.50,Faisal_Town
2021-03-20,02:49:11pm,nan,nan,22,35,43,3.93,4.32,Faisal_Town
2021-03-20,04:38:56pm,nan,nan,22,35,43,11.61,8.53,Faisal_Town
2021-03-20,04:50:19pm,nan,nan,22,35,43,5.40,5.27,Faisal_Town
2021-03-20,04:59:27pm,nan,nan,22,35,43,5.09,5.08,Faisal_Town
2021-03-20,06:43:57pm,nan,nan,22,35,43,28.45,14.98,Faisal_Town
2021-03-20,06:49:22pm,nan,nan,37,61,77,3.97,4.34,Faisal_Town
2021-03-20,06:59:24pm,nan,nan,37,61,77,5.19,5.15,Faisal_Town
2021-03-20,07:34:03pm,nan,nan,37,61,77,5.11,5.10,Faisal_Town
2021-03-20,07:38:52pm,nan,nan,41,69,78,5.73,5.47,Faisal_Town
2021-03-20,07:53:45pm,nan,nan,41,69,78,5.64,5.42,Faisal_Town
2021-03-20,08:13:24pm,nan,nan,41,69,78,5.55,5.36,Faisal_Town
2021-03-20,08:15:46pm,nan,nan,41,69,78,6.01,5.64,Faisal_Town
2021-03-20,08:55:00pm,nan,nan,41,69,78,14.73,9.90,Faisal_Town
2021-03-20,08:55:00pm,nan,nan,41,69,78,14.73,9.90,Faisal_Town
2021-03-20,09:32:04pm,nan,nan,41,69,78,23.38,13.24,Faisal_Town
2021-03-20,10:01:33pm,nan,nan,41,69,78,19.44,11.79,Faisal_Town
2021-03-21,12:50:38am,nan,nan,83,130,145,4.67,4.81,Faisal_Town
2021-03-21,01:00:36am,nan,nan,83,130,145,3.88,4.28,Faisal_Town
2021-03-21,01:41:07am,nan,nan,83,130,145,3.37,3.92,Faisal_Town
2021-03-21,01:51:06am,nan,nan,83,130,145,4.00,4.37,Faisal_Town
2021-03-21,02:01:16am,nan,nan,83,130,145,5.33,5.23,Faisal_Town
2021-03-21,02:11:35am,nan,nan,83,130,145,7.97,6.73,Faisal_Town
2021-03-21,02:26:30am,nan,nan,83,130,145,3.48,4.00,Faisal_Town
2021-03-21,03:32:50am,nan,nan,84,131,146,2.16,2.96,Faisal_Town
2021-03-21,03:52:05am,nan,nan,84,131,146,0.85,1.65,Faisal_Town
2021-03-21,04:02:10am,nan,nan,64768,65021,0,0.86,1.66,Faisal_Town
2021-03-21,04:12:15am,nan,nan,64768,65021,0,0.74,1.51,Faisal_Town
2021-03-21,04:22:20am,nan,nan,64768,65021,0,0.42,1.06,Faisal_Town
2021-03-21,04:32:26am,nan,nan,64768,65021,0,0.35,0.94,Faisal_Town
2021-03-21,04:42:31am,nan,nan,64768,65021,0,0.32,0.89,Faisal_Town
Date,Temperature,Humidity,PM1,PM2.5,PM10,Location